period,partner,district,site,site_id,latitude,longitude,program,MUAC ,OTP_discharges,other_SFP_returned_defaulters,old_cases_SC_OTP,cured,died,defaulter,non_cured,transfer_SC_OTP,total_beginning_month,total_admissions,total_discharges,total_endmonth,perc_recovered,perc_defaulted
February,WVI,Belet Xaawo,Alingo - TSFP,WFP10,3.95131,41.89715,TSFP_PLW,26,0,0,0,12,0,2,2,0,35,26,16,45,75,13
February,SRCS,Laas Caanood,Yagoori - Settlement,WFP10001,8.754485,46.962834,TSFP_PLW,80,0,19,0,26,0,2,0,0,24,99,28,95,93,7
February,Mercy USA,Laas Caanood,Yeyle - Settlement,WFP10036,8.698727,46.609919,TSFP_PLW,265,0,14,0,35,0,0,0,0,22,279,35,266,100,0
February,SDRO,Gaalkacyo,Carfuuda  - TSFP,WFP103,6.62902,47.58737,TSFP_PLW,11,0,1,0,5,0,1,0,0,70,12,6,76,83,17
February,HADO,Bossaso,Carmo - TSFP,WFP104,10.5665,49.0609,TSFP_PLW,22,0,2,0,8,0,2,0,0,40,24,10,54,80,20
February,SHARDO ,Balcad,BALAD - Settlement,WFP1164,2.62667,45.504799,TSFP_PLW,9,0,0,0,9,0,0,0,0,21,9,9,21,100,0
February,WVI,Burtinle,Ceelweyne - TSFP,WFP124,7.74121,48.62122,TSFP_PLW,7,0,1,0,3,0,1,0,0,16,8,4,20,75,25
February,WVI,Hargeisa,Bali Abane - Settlement,WFP1253,9.14731,43.85833,TSFP_PLW,11,0,0,0,0,0,0,0,0,25,11,0,36,0,0
February,SDRO,Gaalkacyo,Ceel aqwaan - TSFP,WFP126,6.691801,47.377357,TSFP_PLW,18,0,1,0,5,0,1,0,0,20,19,6,33,83,17
February,WARDI,Hamar Jajab,Baligubadale - Settlement,WFP1261,9,44.00833,TSFP_PLW,33,0,0,0,0,0,0,0,0,65,33,0,98,0,0
February,SDO,Jariiban,CEELXAGAR - TSFP,WFP128,7.4174,49.27849,TSFP_PLW,6,0,1,0,16,0,1,0,0,16,7,17,6,94,6
February,WVI,Garoowe,CUUN - TSFP,WFP133,8.81879,48.89346,TSFP_PLW,3,0,3,0,5,0,1,0,0,70,6,6,70,83,17
February,RAWA,Xarardheere,Dabagalo - TSFP,WFP134,4.9217,47.66523,TSFP_PLW,34,0,1,0,16,0,3,0,0,23,35,19,39,84,16
February,SWISSO-kalmo,Dhuusamarreeb,Dabarre - TSFP,WFP135,5.18907,45.91851,TSFP_PLW,34,0,2,0,20,0,4,0,0,30,36,24,42,83,17
February,Mercy USA,Hargeisa,Darasalam - TSFP,WFP139,3.117954,43.662952,TSFP_PLW,2,0,0,0,12,0,0,0,0,38,2,12,28,100,0
February,Mercy USA,Cabudwaaq,Bangele - TSFP,WFP147,6.15527,46.43626,TSFP_PLW,40,0,0,0,0,0,0,0,0,30,40,0,70,0,0
February,RAWA,Xarardheere,Dhalwo - TSFP,WFP152,4.5612,47.56813,TSFP_PLW,0,0,0,0,9,0,0,0,0,30,0,9,21,100,0
February,WVI,Eyl,Dhanaane - TSFP,WFP153,7.596085,49.747431,TSFP_PLW,0,0,0,0,11,0,0,0,0,37,0,11,26,100,0
February,WVI,Eyl,Dhigenle - TSFP,WFP156,7.83003,49.51149,TSFP_PLW,57,0,3,0,0,0,0,0,0,0,60,0,60,0,0
February,WVI,Baidoa,Awil barwaaqo - TSFP,WFP16,3.129843,43.647554,TSFP_PLW,64,0,0,0,10,0,2,0,0,14,64,12,66,83,17
February,HADO,Bandarbayla,Dhudhub - TSFP,WFP160,9.22973,49.91697,TSFP_PLW,142,0,6,0,0,0,0,0,0,0,148,0,148,0,0
February,DHO,Diinsoor,Bilile - Settlement,WFP1658,2.41605,42.90134,TSFP_PLW,18,0,0,0,0,0,0,0,0,27,18,0,45,0,0
February,WVI,Eyl,Diilin - TSFP,WFP169,8.25548,49.5762,TSFP_PLW,0,0,0,0,22,0,0,4,8,34,0,34,0,65,0
February,SDRO,Gaalkacyo,Docol - TSFP,WFP170,6.432393,47.491112,TSFP_PLW,0,0,0,0,1,0,0,6,10,32,0,17,15,6,0
February,SDRO,Gaalkacyo,Docole farale - TSFP,WFP173,6.67026,47.552374,TSFP_PLW,3,0,0,0,0,0,0,0,0,36,3,0,39,0,0
February,WVI,Doolow,Dollow Town - TSFP,WFP176,4.16358,42.7617,TSFP_PLW,26,0,0,0,34,0,0,0,0,58,26,34,50,100,0
February,WVI,Belet Xaawo,Booco - Settlement,WFP1779,4.33015,45.39258,TSFP_PLW,69,0,0,0,0,0,0,0,0,0,69,0,69,0,0
February,SCI,Borama,Boon - Settlement,WFP1794,10.18513,43.0841,TSFP_PLW,80,0,0,0,0,0,0,0,0,125,80,0,205,0,0
February,WVI,Garoowe,Dudumaale - TSFP,WFP180,8.143998,48.776269,TSFP_PLW,13,0,0,0,0,0,0,0,0,10,13,0,23,0,0
February,RAWA,Xarardheere,Dumaaye - TSFP,WFP182,5.010299,47.992194,TSFP_PLW,1,0,0,0,0,0,0,0,0,28,1,0,29,0,0
February,WVI,Dan Gorayo,Budunbuto - Settlement,WFP1847,7.61778,49.07695,TSFP_PLW,0,0,0,0,0,0,0,0,0,83,0,0,83,0,0
February,SWISSO-kalmo,Dhuusamarreeb,Faragoy - TSFP,WFP188,5.466401,46.524527,TSFP_PLW,50,0,0,0,37,0,0,0,0,73,50,37,86,100,0
February,WVI,Burtinle,Faratoyo - TSFP,WFP189,7.53474,47.81277,TSFP_PLW,16,0,0,0,10,0,0,3,0,36,16,13,39,77,0
February,SWISSO-kalmo,Dhuusamarreeb,Gadon - TSFP,WFP194,5.68118,46.683252,TSFP_PLW,14,0,0,0,0,0,0,0,0,90,14,0,104,0,0
February,SDO,Galdogob,GALDOGOB - TSFP,WFP195,7.05755,47.13494,TSFP_PLW,3,0,0,0,0,0,0,0,0,80,3,0,83,0,0
February,SDRO,Gaalkacyo,Galinsoor - TSFP,WFP196,6.42639,46.70553,TSFP_PLW,5,0,0,0,0,0,0,0,0,131,5,0,136,0,0
February,WVI,Luuq,Garsow - TSFP,WFP203,3.8295,42.48916,TSFP_PLW,13,0,0,0,2,0,0,0,0,46,13,2,57,100,0
February,WVI,Doolow,Gedweyne - TSFP,WFP206,4.32,42.29415,TSFP_PLW,17,0,0,0,1,0,0,0,0,29,17,1,45,100,0
February,WVI,Luuq,Garbolow - TSFP,WFP207,3.91147,42.51267,TSFP_PLW,0,0,0,0,0,0,0,0,0,525,0,0,525,0,0
February,Gewdo,Garbahaarey,Buraa - Settlement,WFP2098,3.16962,42.1483,TSFP_PLW,0,0,0,0,0,0,0,0,0,43,0,0,43,0,0
February,WVI,Eyl,Godob Jiraan - TSFP,WFP210,7.6415,47.783699,TSFP_PLW,63,0,0,0,62,0,0,0,0,189,63,62,190,100,0
February,WVI,Burtinle,Godobyar - TSFP,WFP211,7.72006,47.66395,TSFP_PLW,9,0,0,0,4,0,0,0,0,24,9,4,29,100,0
February,HADO,Iskushuban,Gumbax - TSFP,WFP222,10.88443,51.11405,TSFP_PLW,38,0,0,0,14,0,0,0,0,100,38,14,124,100,0
February,WVI,Burtinle,Hayaanle - TSFP,WFP236,7.90862,48.06493,TSFP_PLW,4,0,0,0,6,0,0,0,0,40,4,6,38,100,0
February,SDRO,Gaalkacyo,Horseed - TSFP,WFP242,3.209623,43.199554,TSFP_PLW,15,0,0,0,15,0,0,0,0,86,15,15,86,100,0
February,WVI,Baidoa,Howlwadag - TSFP,WFP244,3.11651,43.54367,TSFP_PLW,91,0,0,0,88,0,0,0,0,415,91,88,418,100,0
February,SCI,Beletweyne,Hujub - TSFP,WFP245,4.68502,45.28351,TSFP_PLW,46,0,0,0,45,0,0,0,0,253,46,45,254,100,0
February,WVI,Luuq,IDP F - TSFP,WFP248,3.777534,42.561513,TSFP_PLW,3,0,0,0,3,0,0,0,0,20,3,3,20,100,0
February,DHO,Diinsoor,Raahole - Settlement,WFP2490,2.42142,42.928669,TSFP_PLW,2,0,0,0,0,0,0,0,0,23,2,0,25,0,0
February,HADO,Iskushuban,Iskushuban - TSFP,WFP250,10.28178,50.23009,TSFP_PLW,182,0,0,0,151,0,0,0,0,917,182,151,948,100,0
February,WVI,Burtinle,Jalam - TSFP,WFP252,7.87079,48.04045,TSFP_PLW,31,0,0,0,0,0,0,0,0,161,31,0,192,0,0
February,SDO,Jariiban,JARIIBAN - TSFP,WFP257,7.21345,48.8514,TSFP_PLW,89,0,0,0,71,0,0,0,0,145,89,71,163,100,0
February,WVI,Eyl,Kabal - TSFP,WFP259,8.073611,49.959598,TSFP_PLW,17,0,0,0,17,0,0,0,0,60,17,17,60,100,0
February,WVI,Garoowe,Kalabayr - TSFP,WFP261,8.41278,48.486389,TSFP_PLW,13,0,0,0,4,0,0,0,0,45,13,4,54,100,0
February,WVI,Belet Xaawo,Kalagubta - TSFP,WFP263,3.933108,41.884086,TSFP_PLW,21,0,0,0,19,0,0,0,0,125,21,19,127,100,0
February,WVI,Belet Xaawo,Lebiraar - TSFP,WFP275,3.73163,41.97727,TSFP_PLW,31,0,0,0,0,0,0,0,0,216,31,0,247,0,0
February,WVI,Dan Gorayo,Libaaxo - TSFP,WFP276,8.59308,49.19365,TSFP_PLW,34,0,0,0,0,0,0,0,0,234,34,0,268,0,0
February,WVI,Burtinle,Magacley - TSFP,WFP283,9.0875,49.585602,TSFP_PLW,22,0,0,0,2,0,0,0,0,122,22,2,142,100,0
February,WVI,Luuq,Maganey - TSFP,WFP284,3.7095,42.52007,TSFP_PLW,21,0,0,0,5,0,1,1,0,73,21,7,87,71,14
February,WVI,Eyl,Maraya - TSFP,WFP287,8.3206,50.16414,TSFP_PLW,13,0,0,0,9,0,1,1,0,64,13,11,66,82,9
February,SWISSO-kalmo,Dhuusamarreeb,Marergur - TSFP,WFP288,5.75047,46.51312,TSFP_PLW,12,0,0,0,4,0,0,1,0,63,12,5,70,80,0
February,SWISSO-kalmo,Marka,Marka - TSFP,WFP291,1.71305,44.76388,TSFP_PLW,10,0,0,0,2,0,0,0,0,76,10,2,84,100,0
February,RAWA,Xarardheere,Camara - TSFP,WFP300,5.11431,47.93026,TSFP_PLW,4,0,1,0,6,0,1,29,0,43,5,36,12,17,3
February,WVI,Luuq,Miradhubow  - TSFP,WFP301,3.91996,42.53777,TSFP_PLW,10,0,0,0,12,0,0,0,0,30,10,12,28,100,0
February,SWISSO-kalmo,Dhuusamarreeb,Mirig - TSFP,WFP302,5.66243,46.42292,TSFP_PLW,0,0,0,0,0,0,0,0,0,78,0,0,78,0,0
February,Mercy USA,Cabudwaaq,Balanbale - TSFP,WFP303,5.68895,45.96932,TSFP_PLW,9,0,0,0,6,0,0,0,0,22,9,6,25,100,0
February,HADO,Caluula,Muudiye - TSFP,WFP307,11.35455,50.67907,TSFP_PLW,18,0,0,0,7,0,1,0,0,134,18,8,144,88,13
February,WVI,Belet Xaawo,Oda - TSFP,WFP309,3.984213,41.937835,TSFP_PLW,1,0,0,0,0,0,0,0,0,70,1,0,71,0,0
February,SWISSO-kalmo,Dhuusamarreeb,Olol - TSFP,WFP311,5.92195,46.23917,TSFP_PLW,30,0,0,0,0,0,0,0,0,236,30,0,266,0,0
February,WVI,Garoowe,Oman - TSFP,WFP312,8.25783,48.292,TSFP_PLW,22,0,0,0,6,0,0,2,0,15,22,8,29,75,0
February,WVI,Garoowe,Ballay - TSFP,WFP32,8.50515,48.60205,TSFP_PLW,8,0,0,0,0,0,0,0,0,3,8,0,11,0,0
February,HADO,Qardho,Qardho - TSFP,WFP320,9.50694,49.086079,TSFP_PLW,44,0,0,0,17,0,3,0,0,131,44,20,155,85,15
February,WVI,Eyl,Qarxis - TSFP,WFP323,7.98389,48.10305,TSFP_PLW,15,0,0,0,0,0,0,0,0,20,15,0,35,0,0
February,WVI,Garoowe,Rabable - TSFP,WFP334,8.28125,48.29833,TSFP_PLW,20,0,0,0,15,0,0,0,0,85,20,15,90,100,0
February,WVI,Garoowe,Reemanti - TSFP,WFP336,8.40861,48.481392,TSFP_PLW,9,0,6,0,0,0,6,0,0,52,15,6,61,0,100
February,WVI,Doolow,Seydhumay - TSFP,WFP339,4.1276,42.25621,TSFP_PLW,2,0,0,0,4,0,0,0,0,46,2,4,44,100,0
February,SORRDO,Hamarweyne,Dacarudhug - Settlement,WFP3403,9.85648,44.527473,TSFP_PLW,90,0,2,0,56,0,3,1,1,93,92,61,124,92,5
February,SDRO,Gaalkacyo,Sadex higlo - TSFP,WFP342,6.49897,47.1122,TSFP_PLW,0,0,0,0,0,0,0,0,0,76,0,0,76,0,0
February,SDO,Jariiban,SEEMADE - TSFP,WFP349,7.15579,48.6975,TSFP_PLW,57,0,0,0,8,0,7,0,0,64,57,15,106,53,47
February,SWISSO-kalmo,Dhuusamarreeb,Balliad - TSFP,WFP35,5.48048,46.09062,TSFP_PLW,56,0,0,0,0,0,0,0,0,3,56,0,59,0,0
February,Mercy USA,Hargeisa,Darasalam - Settlement,WFP3529,7.11742,47.15284,TSFP_PLW,2,0,0,0,12,0,0,0,0,38,2,12,28,100,0
February,SDO,Galdogob,DAARUSALAAM - Settlement,WFP3565,2.11698,44.95887,TSFP_PLW,66,0,0,0,50,0,5,0,0,154,66,55,165,91,9
February,SHARDO ,Shibis,SHIBIS - TSFP,WFP360,2.037711,45.35,TSFP_PLW,18,0,0,0,15,0,0,0,0,166,18,15,169,100,0
February,SCI,Beletweyne,Sigalow - TSFP,WFP363,4.75727,45.18898,TSFP_PLW,0,0,0,0,0,0,0,0,0,60,0,0,60,0,0
February,WVI,Garoowe,Sin-ujiif - TSFP,WFP365,8.53713,48.9852,TSFP_PLW,38,0,0,0,23,0,4,0,0,98,38,27,109,85,15
February,WVI,Doolow,Surgaduud - TSFP,WFP367,4.09584,42.02514,TSFP_PLW,18,0,0,0,0,0,0,0,0,217,18,0,235,0,0
February,Mercy USA,Cabudwaaq,Dabad - Settlement,WFP3692,6.30619,46.54925,TSFP_PLW,38,0,0,0,18,0,4,1,0,32,38,23,47,78,17
February,WVI,Baidoa,Towfiiq - TSFP,WFP374,3.126929,43.675404,TSFP_PLW,6,0,0,0,0,0,0,0,0,47,6,0,53,0,0
February,HADO,Bossaso,Ufeyn - TSFP,WFP378,10.65233,49.75337,TSFP_PLW,29,0,0,0,24,0,0,1,0,110,29,25,114,96,0
February,DHO,Diinsoor,Waaberi - MCHN,WFP380,2.047638,45.35,TSFP_PLW,22,0,0,0,8,0,0,0,0,79,22,8,93,100,0
February,WVI,Baidoa,Wadajir 4 - TSFP,WFP384,3.149063,43.667816,TSFP_PLW,188,0,0,0,0,0,0,0,0,50,188,0,238,0,0
February,WVI,Hargeisa,Dhimbiryaale - Settlement,WFP3875,9.272371,44.111165,TSFP_PLW,24,0,1,0,0,0,0,0,0,0,25,0,25,0,0
February,WVI,Eyl,Wargaduud - TSFP,WFP388,7.72972,49.06849,TSFP_PLW,57,0,0,0,42,0,0,0,0,401,57,42,416,100,0
February,HADO,Qandala,Balidhidin - TSFP,WFP39,10.87986,50.39222,TSFP_PLW,0,0,60,0,0,0,0,15,0,61,60,15,106,0,0
February,SHARDO ,Balcad,WARSHEIKH - TSFP,WFP390,2.298294,45.79799,TSFP_PLW,209,0,0,0,125,0,0,0,0,224,209,125,308,100,0
February,RAAS,Garbahaarey,DHUBAA - Settlement,WFP3909,3.08896,42.2837,TSFP_PLW,52,0,0,0,0,0,0,0,0,0,52,0,52,0,0
February,SRCS,Baki,Dilla - Settlement,WFP4025,9.77942,43.3445,TSFP_PLW,9,0,0,0,0,0,0,0,0,24,9,0,33,0,0
February,WVI,Garoowe,Xamur - TSFP,WFP406,8.72209,48.74333,TSFP_PLW,86,0,5,0,75,0,0,0,0,85,91,75,101,100,0
February,DEH,Hobyo,Xinbarwaqo - TSFP,WFP417,5.1152,48.34835,TSFP_PLW,66,0,0,0,98,0,4,6,0,222,66,108,180,91,4
February,HADO,Iskushuban,Xiriiro - TSFP,WFP422,9.97824,50.25085,TSFP_PLW,907,0,0,0,0,0,0,0,0,568,907,0,1475,0,0
February,SRCS,Xudun,Xudun - MCHN,WFP423,9.154231,47.475393,TSFP_PLW,264,0,0,0,142,0,0,3,0,415,264,145,534,98,0
February,WVI,Burtinle,Bahaley - TSFP,WFP434,7.60802,47.50677,TSFP_PLW,6,0,0,0,4,0,0,0,0,14,6,4,16,100,0
February,WVI,Baki,Baki - TSFP,WFP435,10.2736,43.48375,TSFP_PLW,5,0,0,0,10,0,0,0,0,28,5,10,23,100,0
February,HIDIG,Ceel Barde,Ahmed Korey - TSFP,WFP436,4.88194,44.24083,TSFP_PLW,4,0,0,0,4,0,1,0,0,20,4,5,19,80,20
February,WVI,Garoowe,22Km - Settlement,WFP439,8.4776,48.65071,TSFP_PLW,19,0,0,0,0,0,0,0,0,21,19,0,40,0,0
February,SWISSO-kalmo,Dhuusamarreeb,Eldhere - Part of town,WFP4413,5.53425,46.38446,TSFP_PLW,7,0,0,0,45,0,0,0,0,54,7,45,16,100,0
February,WVI,Luuq,Ban-Mudule - TSFP,WFP45,3.75773,42.55694,TSFP_PLW,7,0,0,0,0,0,0,0,0,35,7,0,42,0,0
February,WVI,Hargeisa,Farwayne - Settlement,WFP4522,9.33158,43.67031,TSFP_PLW,34,0,0,0,22,0,0,8,0,94,34,30,98,73,0
February,SWISSO-kalmo,Dhuusamarreeb,Dhusamareb Town - MCHN,WFP47,5.537643,46.386698,TSFP_PLW,52,0,0,0,0,0,0,0,0,0,52,0,52,0,0
February,SDRO,Gaalkacyo,Bandiradley - TSFP,WFP48,6.47979,46.945358,TSFP_PLW,6,0,0,0,0,0,0,0,0,5,6,0,11,0,0
February,HEAL ,Ceel Afweyn,GAR-ADAG - Settlement,WFP4876,9.48711,46.866926,TSFP_PLW,21,0,0,0,0,0,0,0,0,85,21,0,106,0,0
February,Gewdo,Garbahaarey,Garbaharey - Regional Capital,WFP4990,3.328,42.219879,TSFP_PLW,61,0,0,0,11,0,0,0,0,346,61,11,396,100,0
February,SWISSO-kalmo,Afgooye,Afgooye - TSFP,WFP5,2.14158,45.118698,TSFP_PLW,15,0,0,0,22,0,3,2,0,57,15,27,45,81,11
February,WVI,Lughaye,Gargaara - Settlement,WFP5018,10.313044,43.805888,TSFP_PLW,0,0,0,0,0,0,0,0,0,850,0,0,850,0,0
February,WVI,Dan Gorayo,Garmaal - Settlement,WFP5028,8.353708,50.186264,TSFP_PLW,28,0,0,0,9,0,0,0,0,163,28,9,182,100,0
February,SCI,Garoowe,Garowe - Regional Capital,WFP5035,8.40635,48.48188,TSFP_PLW,0,0,0,0,0,0,0,0,0,100,0,0,100,0,0
February,SDRA,Gaalkacyo,Garsoor - Settlement,WFP5058,6.766228,47.427875,TSFP_PLW,11,0,0,0,2,0,0,0,0,28,11,2,37,100,0
February,WVI,Gebiley,Gabiley - District Capital,WFP5090,9.70577,43.62497,TSFP_PLW,21,0,0,0,19,0,0,4,0,67,21,23,65,83,0
February,WVI,Lughaye,Geerisa - Settlement,WFP5143,10.60353,43.43364,TSFP_PLW,39,0,0,0,11,0,0,0,0,98,39,11,126,100,0
February,HIDIG,Ceel Barde,Abesale - Settlement,WFP526,4.90445,44.5206,TSFP_PLW,13,0,0,0,0,0,0,0,0,25,13,0,38,0,0
February,WVI,Dan Gorayo,Baqbaq - TSFP,WFP54,7.82861,49.488331,TSFP_PLW,0,0,0,0,0,0,0,0,0,3,0,0,3,0,0
February,WVI,Doolow,Gubatta - Settlement,WFP5422,4.1345,42.21043,TSFP_PLW,9,0,0,0,5,0,0,0,0,23,9,5,27,100,0
February,HADO,Caluula,Bareeda - TSFP,WFP56,11.8702,51.05796,TSFP_PLW,82,0,0,0,0,0,0,0,0,8,82,0,90,0,0
February,WVI,Baidoa,Howlwadag - Settlement,WFP5751,2.723,43.16499,TSFP_PLW,91,0,0,0,88,0,0,0,0,415,91,88,418,100,0
February,SCI,Beletweyne,Hawotako - Settlement,WFP5766,4.742113,45.214151,TSFP_PLW,9,0,0,0,6,0,0,0,0,42,9,6,45,100,0
February,RAAS,Garbahaarey,Hillamarer - Settlement,WFP5803,3.22728,42.4946,TSFP_PLW,7,0,0,0,4,0,0,0,0,32,7,4,35,100,0
February,SDO,Galdogob,XEROJAALE - Settlement,WFP5827,6.985543,47.18765,TSFP_PLW,70,0,14,0,18,0,0,0,0,37,84,18,103,100,0
February,EPHCO ,Ceel Barde,Hiirey  - Settlement,WFP5845,4.80724,43.712,TSFP_PLW,6,0,0,0,7,0,0,0,0,52,6,7,51,100,0
February,WVI,Eyl,Badey - TSFP,WFP59,7.98566,49.83521,TSFP_PLW,8,0,0,0,9,0,0,0,0,24,8,9,23,100,0
February,DHO,Diinsoor,Howlwadaag - Settlement,WFP5919,0.04414,42.703419,TSFP_PLW,62,0,0,0,45,0,0,0,0,381,62,45,398,100,0
February,SCI,Borama,Idhan - Settlement,WFP6001,6.069874,48.98562,TSFP_PLW,5,0,0,0,4,0,0,0,0,25,5,4,26,100,0
February,SCI,Borama,Idhan - Settlement,WFP6002,9.69256,43.30208,TSFP_PLW,5,0,0,0,4,0,0,0,0,25,5,4,26,100,0
February,WVI,Belet Xaawo,Belethawa Township - TSFP,WFP62,3.7874,41.89431,TSFP_PLW,16,0,0,0,0,0,0,0,0,25,16,0,41,0,0
February,SDO,Jariiban,JARIIBAN - District Capital,WFP6285,7.21345,48.85104,TSFP_PLW,89,0,0,0,71,0,0,0,0,145,89,71,163,100,0
February,WVI,Eyl,Kabal - Settlement,WFP6446,8.44579,50.24351,TSFP_PLW,17,0,0,0,17,0,0,0,0,60,17,17,60,100,0
February,HEAL ,Hargeisa,AGABAR - Settlement,WFP646,9.92502,43.9194,TSFP_PLW,6,0,0,0,8,0,1,1,0,26,6,10,22,80,10
February,SCODO,Laas Caanood,Kalabaydh Lasanod - Settlement,WFP6482,8.242749,47.22691,TSFP_PLW,19,0,0,0,8,0,0,0,0,88,19,8,99,100,0
February,WVI,Gebiley,Kalabayidhi - Settlement,WFP6492,9.68069,43.47742,TSFP_PLW,9,0,0,0,1,0,0,0,0,73,9,1,81,100,0
February,WVI,Garoowe,B.dheer - TSFP,WFP67,8.25639,48.305828,TSFP_PLW,26,0,0,0,8,0,0,0,0,8,26,8,26,100,0
February,WVI,Baidoa,Kormeri - Settlement,WFP6715,3.158,43.216412,TSFP_PLW,20,0,0,0,10,0,0,0,0,50,20,10,60,100,0
February,SRCS,Ceerigaabo,kulmiye - Settlement,WFP6774,3.09322,43.05594,TSFP_PLW,12,0,0,0,8,0,0,0,0,60,12,8,64,100,0
February,Mercy USA,Laas Caanood,Lasanod - Regional Capital,WFP6912,8.473575,47.35449,TSFP_PLW,27,0,0,0,0,0,0,0,0,96,27,0,123,0,0
February,DHO,Diinsoor,Lama warood - Settlement,WFP7022,2.51773,42.9721,TSFP_PLW,50,0,0,0,0,0,0,0,0,92,50,0,142,0,0
February,WVI,Lughaye,Lughaye - District Capital,WFP7165,10.682525,43.943153,TSFP_PLW,30,0,0,0,33,0,4,4,0,89,30,41,78,80,10
February,WVI,Luuq,Luq Godey - Part of town,WFP7184,3.79704,42.55408,TSFP_PLW,10,0,0,0,2,0,0,0,0,175,10,2,183,100,0
February,SWISSO-kalmo,Dhuusamarreeb,Bohol - TSFP,WFP72,5.74731,46.22785,TSFP_PLW,69,0,0,0,0,0,0,0,0,130,69,0,199,0,0
February,RAAS,Garbahaarey,Malkadida - Settlement,WFP7401,3.339,42.47833,TSFP_PLW,13,0,0,0,2,0,0,0,0,90,13,2,101,100,0
February,Mercy USA,Laas Caanood,Bocame - MCHN,WFP75,8.396344,47.935664,TSFP_PLW,18,0,0,0,0,0,0,0,0,25,18,0,43,0,0
February,HEAL ,Ceerigaabo,MAYDH  - Settlement,WFP7577,1.988259,47.19128,TSFP_PLW,0,0,0,0,0,6,0,0,0,10,0,6,4,0,0
February,Mercy USA,Hobyo,Hobyo town  - TSFP,WFP77,5.34743,48.5262,TSFP_PLW,9,0,0,0,5,0,0,0,0,28,9,5,32,100,0
February,WOCCA,Mahaday,Mogadishu - National Capital,WFP7702,2.04139,45.333721,TSFP_PLW,7,0,0,0,10,0,0,0,0,99,7,10,96,100,0
February,SDRA,Gaalkacyo,Mustaqbal - Settlement,WFP7863,1.5655,44.20223,TSFP_PLW,7,0,0,0,0,0,0,0,0,50,7,0,57,0,0
February,SWISSO-kalmo,Dhuusamarreeb,Olol - Settlement,WFP7971,5.92195,46.23917,TSFP_PLW,30,0,0,0,0,0,0,0,0,236,30,0,266,0,0
February,SCI,Mataban,Omad - Settlement,WFP7974,5.00533,45.47373,TSFP_PLW,14,0,0,0,4,0,0,0,0,83,14,4,93,100,0
February,SRCS,Caynabo,OOG - Settlement,WFP7990,8.934069,46.617513,TSFP_PLW,28,0,0,0,5,0,0,0,0,190,28,5,213,100,0
February,WVI,Luuq,Airport Area - TSFP,WFP8,3.806398,42.547561,TSFP_PLW,8,0,2,0,18,0,1,1,0,40,10,20,30,90,5
February,WVI,Doolow,Qansaxley - Settlement,WFP8123,2.58504,45.00872,TSFP_PLW,29,0,0,0,15,0,2,0,0,95,29,17,107,88,12
February,SDRO,Gaalkacyo,Qarqoora  - Settlement,WFP8152,6.74718,47.69378,TSFP_PLW,22,0,10,0,10,0,0,0,0,105,32,10,127,100,0
February,WVI,Belet Xaawo,Buniyo - TSFP,WFP82,3.5444,41.85122,TSFP_PLW,0,0,0,0,0,0,0,0,0,80,0,0,80,0,0
February,SRCS,Burco,Qorilugud - Settlement,WFP8245,8.552813,46.223893,TSFP_PLW,198,0,0,0,7,0,0,0,0,112,198,7,303,100,0
February,SCI,Borama,Quljed - Settlement,WFP8291,10.09149,43.00922,TSFP_PLW,9,0,0,0,9,0,0,0,0,27,9,9,27,100,0
February,HIDIG,Ceel Barde,Quracjome - Settlement,WFP8310,4.9439,44.30128,TSFP_PLW,0,0,0,0,0,0,0,0,0,99,0,0,99,0,0
February,EPHCO,Rab Dhuure,Aato - Settlement,WFP832,4.6205,43.350201,TSFP_PLW,45,0,0,0,0,0,0,0,0,23,45,0,68,0,0
February,WVI,Garoowe,Reemanti - Settlement,WFP8444,7.806736,48.523262,TSFP_PLW,9,0,6,0,0,0,6,0,0,52,15,6,61,0,100
February,Mercy USA,Hargeisa,Sabawanag - Settlement,WFP8569,10.52959,44.13137,TSFP_PLW,30,0,0,0,27,0,0,0,0,100,30,27,103,100,0
February,WVI,Hargeisa,Salahlaye - Settlement,WFP8622,9.02686,44.20228,TSFP_PLW,43,0,1,0,0,0,0,0,0,170,44,0,214,0,0
February,EPHCO,Ceel Barde,Salkudhooble  - Settlement,WFP8632,4.90952,43.99175,TSFP_PLW,5,0,0,0,0,0,0,0,0,40,5,0,45,0,0
February,SCI,Borama,Sh Ali - Settlement,WFP8747,6.687049,47.305752,TSFP_PLW,0,0,0,0,0,0,0,0,0,64,0,0,64,0,0
February,RAWA,Xarardheere,Caad - TSFP,WFP90,5.018489,47.982327,TSFP_PLW,0,0,0,0,0,0,0,0,0,20,0,0,20,0,0
February,WVI,Dan Gorayo,Suuj - Settlement,WFP9044,8.68593,50.36265,TSFP_PLW,2,0,0,0,6,0,0,0,0,252,2,6,248,100,0
February,SDRA,Gaalkacyo,Tawakal - Settlement,WFP9092,4.88902,45.04633,TSFP_PLW,0,0,0,0,0,0,0,0,0,69,0,0,69,0,0
February,HRDO,Cadaado,Bahdo - TSFP,WFP93,5.78938,47.2258,TSFP_PLW,10,0,0,0,9,0,0,0,0,22,10,9,23,100,0
February,WVI,Dan Gorayo,Usgure - Settlement,WFP9344,7.518322,49.416017,TSFP_PLW,28,0,0,0,8,0,0,0,0,110,28,8,130,100,0
February,WVI,Doolow,unsi - Settlement,WFP9355,4.373,41.95665,TSFP_PLW,10,0,0,0,14,0,0,0,0,90,10,14,86,100,0
February,WVI,Gebiley,Wajaale - Settlement,WFP9432,9.60272,43.33481,TSFP_PLW,10,0,0,0,5,0,0,0,0,50,10,5,55,100,0
February,HRDO,Cadaado,Cadaado - TSFP,WFP95,6.131423,46.625464,TSFP_PLW,0,0,0,0,0,0,0,0,0,470,0,0,470,0,0
February,SRCS,Caynabo,waridaad - Settlement,WFP9589,9.28387,46.25364,TSFP_PLW,59,0,0,0,37,0,0,0,0,0,59,37,22,100,0
February,WVI,Belet Xaawo,Wariiryale - Settlement,WFP9598,3.90174,41.95904,TSFP_PLW,159,0,0,0,87,0,0,0,0,312,159,87,384,100,0
February,SHARDO ,Cadale,CADALE - TSFP,WFP96,2.7568,46.319,TSFP_PLW,84,0,0,0,110,0,3,0,0,543,84,113,514,97,3
February,DEH,Hobyo,Xinlabi - Settlement,WFP9923,5.3993,47.64737,TSFP_PLW,416,0,38,0,82,0,4,0,0,93,454,86,461,95,5
